Student,Vaccin,HndWshQual,HndWshFreq,SociDist,NoFaceContact,RespEttiqu,PersnDist,HandSanit,Risk,Complications,Barriers,Inefficacy,KnowlTrans,KnowlMgmt,Sick,Flu,Female
1,3,4,4,2,1,5,1,1,-0.77,-1.453,0,0.929,-0.554,0,0,0,1
2,2,4,4,5,2,5,4,4,-0.345,0,-0.489,0.149,-0.554,1.482,1,0,0
3,3,2,2,2,3,2,2,1,-0.406,-0.575,-0.234,0.693,-0.182,-1.482,0,0,0
4,3,3,2,2,2,5,3,1,-0.575,-0.197,-0.429,0,0.554,0,2,1,
5,2,5,3,3,2,5,5,3,0,-0.77,0.097,0.546,0.554,0.684,1,0,0
6,2,5,5,3,3,2,3,1,0.169,-0.169,-0.726,0.37,0.951,0.684,2,1,0
7,5,4,3,3,2,5,4,3,0.345,0.406,-0.543,-1.04,0.951,1.059,1,0,0
8,1,4,5,3,2,5,4,3,-0.169,0,-0.289,-1.336,1.393,-0.335,,,
9,2,4,3,1,3,5,3,2,-0.345,-0.523,-0.621,0.287,,0.335,1,0,0
10,2,4,3,2,2,2,4,1,-0.169,-0.376,0,0,-1.393,-0.335,1,0,1
11,3,4,3,3,2,3,3,1,0,-0.77,-0.412,-0.159,0.554,0,0,0,0
12,3,1,3,5,1,5,1,2,-0.345,0.77,0,0,-0.554,-0.684,1,0,1
13,2,4,1,4,2,5,1,5,1.074,-0.181,0.169,0.633,-0.951,-1.059,2,1,0
14,5,4,2,2,5,5,4,1,-0.864,-0.376,-0.331,0.287,0.951,1.059,1,0,1
15,3,5,4,3,2,5,4,4,0.376,0.197,0,-0.738,-0.554,-0.335,,,
16,2,5,5,3,1,5,2,1,-0.864,-0.376,-0.631,-0.181,-0.951,-1.482,1,0,0
17,5,5,3,5,3,5,3,2,-0.77,-0.575,-1.165,0.871,0.554,0.684,1,0,0
18,2,4,3,3,3,5,4,5,-0.523,-0.77,-0.566,-0.287,1.393,1.482,1,0,0
19,1,3,3,2,2,5,3,1,-0.169,-1.453,-0.915,0.149,1.393,0.684,0,0,0
20,4,4,2,2,3,3,4,2,-0.575,-0.376,-0.206,0.327,-0.951,-0.335,1,0,0
21,4,2,2,2,2,5,5,1,0,-0.77,-0.408,-0.327,1.393,1.059,2,1,0
22,3,4,2,5,3,3,4,1,0,-0.376,-0.543,0,1.393,0,1,0,0
23,2,2,5,2,2,5,3,1,0,-0.376,-0.978,1.036,0.951,0.684,1,0,0
24,4,3,3,3,3,3,5,2,0,-0.77,-0.424,0.327,1.393,1.059,1,0,0
25,2,4,3,2,4,5,3,1,-0.523,-0.345,-0.684,-0.499,0.951,0.335,0,0,0
26,4,5,4,2,2,5,3,1,-0.575,-0.376,-0.331,0,1.393,0.684,1,0,1
27,2,2,1,3,1,3,4,1,0.169,-1.453,-0.105,0.47,0.951,1.059,0,0,0
28,2,4,5,5,2,5,2,1,-0.695,-0.376,-0.786,0.499,1.393,0.335,1,0,1
29,5,4,3,3,3,5,4,1,0,-0.376,-0.424,0,0.951,0.335,2,1,0
30,2,4,5,3,2,5,3,3,-0.77,-0.532,-0.535,0.181,0.951,0.684,0,0,0
31,3,5,3,3,2,5,4,5,0,0,-0.498,0.141,-0.182,0.335,1,0,1
32,5,4,4,5,2,4,4,5,0.345,-0.376,-0.515,0.546,0.554,0.335,2,1,0
33,5,5,5,3,2,5,5,5,0,-0.376,-0.915,-1.336,-0.182,0,0,0,0
34,2,4,4,1,2,5,3,5,0.169,-0.376,-0.448,-0.149,0.554,0.335,2,1,1
35,4,5,5,5,3,5,4,4,0.345,-0.376,-0.658,-0.693,0.554,0.684,1,0,1
36,5,4,5,3,2,5,5,5,0.169,-0.864,-0.881,-0.214,-0.182,0.684,2,1,1
37,2,5,1,3,2,4,2,3,0.864,-0.406,0,0.181,-0.554,-1.482,,,1
38,5,3,3,5,5,3,3,1,0.345,0.77,-0.11,0,-0.951,-0.684,,,0
39,4,2,2,3,4,3,4,2,-0.197,0.345,-0.133,0.327,-0.951,-0.684,2,1,
40,5,5,2,5,5,2,4,1,-0.169,-0.169,-0.328,0.693,-1.393,0.335,0,0,1
41,5,5,5,3,2,5,2,2,-0.169,-0.523,-0.684,0,-0.182,0.684,1,0,1
42,2,3,3,2,2,5,3,2,0.197,1.074,0,-0.327,-0.951,0,,,
43,4,4,3,2,3,5,4,3,0.181,0.575,0,0,-1.393,-1.059,2,1,
44,5,4,4,3,3,5,4,5,0,-0.169,-0.105,0.307,-0.182,0,2,1,1
45,3,3,3,3,2,1,4,5,-0.345,0,-0.543,0.871,0.182,0.684,1,0,1
46,5,3,3,2,1,3,4,5,0,-1.453,-0.77,-0.149,-0.951,-1.059,2,1,
47,5,4,4,3,3,5,2,3,0.197,-0.376,0.484,0.168,-1.393,-0.335,2,1,1
48,5,3,5,2,1,5,2,1,0.169,-0.523,-0.226,0.307,-0.951,0.335,2,1,1
49,4,5,3,5,2,5,5,5,0,-0.169,-0.314,0,-0.951,-1.059,1,0,0
50,2,2,5,3,5,4,3,5,0,0,0.61,0,-1.393,-1.059,2,1,0
51,2,5,4,1,3,5,4,5,-0.523,-0.77,-0.822,0,-0.182,1.059,0,0,1
52,4,4,5,3,3,5,3,5,-0.345,-0.575,-0.566,-0.149,0.554,1.059,1,0,1
53,2,5,3,3,3,5,4,5,0,-0.864,-0.401,-0.382,-0.182,0,1,0,0
54,5,5,5,5,4,5,4,4,0.523,-0.197,-0.786,-1.04,-0.182,0,2,1,1
55,1,2,5,1,2,5,4,5,1.074,0,-0.658,-0.307,0.182,0.684,2,1,1
56,3,2,2,2,2,2,5,1,0.169,-0.169,0.105,-0.406,-1.393,0.335,0,0,0
57,1,3,1,4,4,5,5,3,-0.231,0.575,-0.256,0.382,-0.182,-1.059,2,1,1
58,4,5,4,3,3,5,4,4,0,-0.523,-0.566,-0.327,0.951,-0.335,1,0,1
59,5,4,3,2,5,5,5,1,-0.169,-1.453,-0.566,-0.327,1.393,1.059,1,0,0
60,2,2,5,3,2,4,4,4,0,0,0,-0.307,-1.393,-1.059,,,1
61,2,2,2,3,2,3,5,5,0.345,0.406,0.247,0,-0.951,-0.684,2,1,1
62,3,5,5,2,2,5,5,3,-1.074,0.181,0.684,-0.618,-0.951,-1.482,1,0,
63,3,4,3,3,1,5,3,5,0.169,-0.523,-0.684,-1.696,0.951,1.059,0,0,1
64,5,2,4,2,2,2,3,1,0.345,-0.77,-0.359,0,-0.182,-0.684,1,0,0
65,2,4,4,3,1,5,3,5,-0.575,-0.169,-0.408,-0.287,-0.554,0.335,1,0,1
66,1,5,3,3,1,5,2,2,0,-0.197,-0.856,0.871,-0.182,-0.684,0,0,0
67,5,3,4,5,2,5,3,2,-0.523,0,-0.684,-0.382,0.182,0.335,2,1,1
68,5,5,5,3,1,5,3,1,0.575,-0.197,-0.566,-0.141,-0.182,0,2,1,1
69,2,4,5,5,4,5,5,5,0,-0.169,-0.658,-0.499,0.182,1.059,1,0,1
70,4,5,5,3,4,5,5,5,0.77,0.231,-0.127,-0.327,-0.182,0.335,2,1,1
71,5,4,2,4,3,5,4,4,0.197,-0.864,-0.684,-1.162,-0.182,-0.335,1,0,0
72,2,4,2,2,2,3,4,2,0.169,-0.406,1.138,0,-0.554,-1.059,,,1
73,5,3,3,2,1,5,3,4,-0.345,-0.523,-0.941,0.327,-0.951,0.684,1,0,1
74,5,5,3,1,2,5,4,4,-0.345,-0.575,-0.77,-0.159,0.951,0,1,0,1
75,1,5,2,3,2,3,5,5,-0.523,-0.406,-0.856,0.149,0.182,1.059,1,0,0
76,5,5,5,5,2,3,3,1,0.77,-1.074,-0.923,0,0.182,0,0,0,0
77,1,5,5,3,2,5,3,2,0,-0.77,-0.658,0.304,-0.182,0,1,0,1
78,1,5,2,1,2,5,1,1,-0.376,-1.453,-0.441,0.149,-0.182,-0.684,1,0,1
79,4,4,4,1,3,5,4,2,0.523,-0.523,-0.543,-0.149,0.554,1.482,1,0,1
80,4,3,3,3,1,5,4,1,0,-0.77,-0.346,0.546,0.951,1.482,1,0,0
81,2,5,5,5,1,5,4,4,-0.575,-0.575,-0.978,-0.499,1.393,0.684,0,0,0
82,2,5,5,3,2,5,4,1,-0.169,-0.77,0,-0.929,0.554,0.335,0,0,1
83,3,3,3,2,2,5,3,1,0,-0.345,-0.105,0.149,0.554,1.059,1,0,1
84,5,4,5,3,4,5,5,5,0.345,0,-0.346,0.327,-0.182,1.059,1,0,0
85,3,5,5,5,2,3,5,1,-0.181,0.181,-0.226,-0.181,-1.393,0.335,1,0,
86,3,4,3,2,1,3,3,2,0.523,-0.77,-1.489,0.181,1.393,0.335,2,1,0
87,4,4,3,2,3,2,4,5,-0.169,-0.376,-0.684,0.546,-0.182,0.684,2,1,1
88,5,4,3,3,1,5,4,2,0.169,-0.77,-0.856,0.47,-0.182,0.684,1,0,1
89,2,2,4,3,2,3,2,1,0.169,0,-0.731,0.633,-0.554,0.335,0,0,0
90,4,3,2,1,2,5,4,2,-0.169,-0.77,-0.448,-0.181,0.554,0,1,0,1
91,2,4,5,3,3,5,4,2,0.575,-0.376,-0.11,-0.149,0.554,1.059,2,1,1
92,2,2,3,1,1,1,3,1,1.453,1.453,1.653,0.929,-0.554,-1.059,2,1,0
93,3,4,4,3,2,3,4,5,0,-0.575,-0.594,0.17,-0.951,0.684,0,0,1
94,3,4,2,2,2,3,4,1,0.197,0,-0.271,0,-1.393,0,1,0,0
95,5,4,5,2,1,5,3,1,0.77,0.231,-0.223,-0.327,0.554,-0.684,2,1,
96,5,5,5,5,3,3,5,4,0.169,-0.197,-1.138,0.287,0.951,0.684,2,1,1
97,2,5,5,5,2,3,4,5,0,-0.169,0,-0.871,-0.951,-1.059,1,0,
98,2,4,3,2,3,5,3,1,0.406,-0.575,-0.271,0.17,-0.554,-0.684,1,0,1
99,5,5,5,5,5,5,4,5,-0.231,0.345,0.684,0.181,-0.554,-1.482,1,0,
100,4,4,3,5,3,3,5,1,-0.575,-0.197,0.441,0,0.182,0,0,0,1
101,1,4,5,3,4,3,5,3,0,-0.575,-0.424,0.37,0.554,1.059,2,1,0
102,5,4,3,5,1,3,1,5,0.77,-0.376,-0.516,0.436,-0.951,0.684,2,1,1
103,2,3,3,3,1,5,3,1,-0.864,-0.376,-0.226,0.871,-0.951,0.684,0,0,1
104,4,4,3,1,1,5,4,2,0,-0.376,-0.484,0,-0.182,0.335,1,0,1
105,2,4,4,5,1,3,3,1,0.169,-0.376,-0.856,0.37,0.182,0.335,1,0,1
106,3,4,5,3,2,3,4,4,-0.376,-0.181,-0.566,0.37,0.554,0.684,2,1,0
107,2,5,3,1,2,3,2,5,-0.864,0.169,-1.014,0.618,-0.951,0.335,1,0,0
108,2,2,3,2,2,5,3,1,-0.345,-0.77,-0.535,0,0.951,1.059,1,0,0
109,3,5,4,3,3,4,1,3,-0.169,-0.376,-0.786,0.159,-0.182,0,1,0,1
110,3,5,5,3,3,5,3,1,0.169,0.169,-0.515,0.149,-0.182,0.684,1,0,1
111,2,4,4,2,2,5,3,2,0,0,-0.515,-0.287,1.393,0.684,1,0,0
112,2,4,3,2,1,5,3,1,-0.376,0,-0.566,-0.633,0.951,1.059,1,0,1
113,2,5,4,3,2,5,2,5,-0.197,-0.376,-0.197,-0.633,-0.554,0,,,1
114,3,4,5,5,2,3,3,3,-0.197,-0.575,-0.824,-0.406,0.554,1.059,0,0,1
115,1,5,5,2,4,3,2,4,-1.074,-0.77,-0.484,-0.618,0.951,-0.335,,,1
116,3,1,1,2,1,1,1,1,0.532,1.453,1.653,1.696,-0.182,-1.059,2,1,0
117,3,1,1,2,1,1,1,1,0.532,1.453,1.653,1.696,-0.182,-1.059,2,1,0
118,2,5,3,3,2,5,1,1,-0.864,-0.197,-0.543,0.499,0.182,0.684,1,0,1
119,4,4,3,5,2,3,3,5,-0.169,-0.376,-0.448,-0.47,1.393,0.684,1,0,1
120,2,5,5,5,2,5,4,4,0.575,-0.376,-0.101,-0.149,0.554,0.335,1,0,1
121,3,4,4,2,2,5,3,5,0,-0.77,-0.658,0.327,-0.182,0.684,1,0,1
122,1,5,3,3,1,5,4,2,0.575,-0.77,-0.621,-0.499,1.393,0.335,2,1,1
123,2,5,4,3,3,5,4,5,-0.169,-0.169,-0.328,0.327,0.182,0.335,2,1,1
124,2,4,5,5,2,5,3,4,0,-0.169,-0.684,0,-0.951,0.684,1,0,1
125,2,5,3,2,5,5,4,1,-1.074,-0.575,-0.652,0.141,0.951,1.482,0,0,1
126,5,4,2,2,1,2,5,5,0.169,0.376,0.11,0.327,-0.182,0.684,1,0,0
127,1,5,3,5,5,5,4,2,0,0.575,0.215,-0.141,-0.554,-1.482,1,0,0
128,5,5,3,3,1,5,1,5,-0.77,-0.77,-0.941,-1.036,1.393,1.059,0,0,1
129,5,4,4,2,2,3,3,2,0.181,-0.77,-0.684,-0.793,0.182,1.059,2,1,1
130,4,1,2,4,4,5,1,1,-0.231,0.345,0,0.499,-1.393,-0.684,2,1,1
131,5,3,3,4,2,1,3,5,-0.169,0.532,-0.234,0.793,-0.951,-0.335,1,0,1
132,2,5,5,4,2,4,4,3,0.864,0.406,0,0.499,-0.182,0,1,0,
133,1,3,4,1,1,2,2,4,0,-0.197,-0.543,0.327,-0.182,-0.335,2,1,
134,1,5,3,1,9,4,3,5,0.77,-0.406,0.498,0.197,-0.182,-0.684,1,0,1
135,5,4,2,1,2,1,4,3,0,-0.575,0.515,0,-1.393,-1.059,1,0,0
136,4,3,4,2,3,3,4,2,0.575,-0.575,0.355,0,-0.951,-1.059,,,
137,1,2,1,3,1,5,4,2,0.575,1.074,0.346,0,-0.951,-0.335,,,1
138,4,3,1,4,5,4,2,3,0.406,0,0.256,-0.17,-1.393,-1.059,2,1,1
139,5,3,4,5,5,2,3,5,0,-0.406,0.498,0,-0.951,-0.684,0,0,
140,4,3,4,2,3,3,3,1,-0.376,-0.169,-0.566,0,0.182,-0.335,0,0,1
141,4,2,1,5,4,1,5,5,0,0.735,-0.215,0.327,-0.951,-1.482,2,1,1
142,4,3,1,2,3,3,2,1,0.169,0.406,0.346,-0.327,0.182,-0.684,1,0,1
143,3,2,5,1,5,4,2,5,0,1.074,0,-0.793,-0.554,0.335,1,0,0
144,2,4,4,3,5,4,3,1,0,-0.197,-0.786,-0.633,-0.182,0,,,0
145,2,4,4,3,1,5,3,5,-0.345,-1.453,-0.34,-0.546,-0.182,1.482,1,0,1
146,1,5,2,2,1,9,5,1,0.406,1.074,0.498,0.327,-0.951,-1.482,0,0,0
147,2,5,5,4,5,5,5,1,0.575,0.169,0.105,-0.546,-0.951,-0.684,1,0,1
148,3,1,1,2,2,1,5,3,-0.864,0.376,0.468,-0.327,-0.554,0,1,0,
149,3,4,3,2,2,5,1,3,-0.345,-0.575,-0.314,0.693,0.182,0,1,0,1
150,4,4,4,3,2,5,4,4,0.169,-0.77,-0.684,-0.149,0.951,0.335,1,0,0
151,5,5,5,5,5,5,3,5,1.074,0,-0.516,-0.436,-0.554,0.335,1,0,1
152,2,4,3,3,2,5,3,4,1.453,0,-0.566,0.304,-1.393,-1.482,1,0,0
153,3,2,3,5,2,5,3,3,-1.074,-0.345,-0.289,-0.738,-0.182,0.684,1,0,1
154,2,5,4,5,4,5,3,4,-0.169,-0.77,-0.448,0,0.554,0.684,0,0,1
155,5,4,3,5,4,3,4,5,-0.575,-0.169,-0.684,-0.693,-1.393,0,0,0,1
156,5,5,5,2,5,3,3,5,0.169,-0.197,-0.733,-1.336,-0.951,-0.335,0,0,0
157,4,4,4,2,4,5,2,4,0,-0.169,-0.684,-0.406,1.393,1.059,1,0,0
158,2,5,3,5,2,3,4,5,-0.169,0.345,0.259,-0.633,-0.554,-1.482,0,0,0
159,2,5,3,2,2,5,2,5,0.169,-0.231,-0.543,-0.37,-0.554,-0.684,1,0,0
160,5,4,2,3,2,3,5,1,1.074,0,-0.448,0.37,0.951,0.684,2,1,1
161,2,4,3,5,3,5,3,3,-0.575,-0.345,-0.215,-0.618,0.554,0.335,1,0,1
162,5,5,4,5,2,5,4,3,0,-0.376,-0.314,-0.382,0.554,-0.335,,,1
163,3,4,5,5,1,2,5,1,0.695,0,0.346,0.546,-0.951,-0.684,,,
164,3,3,3,3,5,3,5,4,0,-0.169,-0.121,-0.546,0.182,0,0,0,0
165,5,5,4,2,3,5,3,1,0.169,-1.074,-1.257,0,0.554,0.335,2,1,0
166,5,5,5,3,1,2,5,5,-0.231,0.532,-0.408,-0.327,-0.554,0.335,1,0,1
167,4,5,5,5,5,5,4,5,-0.169,-0.523,-0.403,-0.47,-0.182,0.335,1,0,1
168,1,5,2,4,1,2,5,3,-0.181,-0.181,0.121,-0.287,-1.393,-1.059,0,0,
169,5,5,2,5,5,3,3,5,-0.77,0,-0.763,-0.633,-0.951,-0.684,1,0,1
170,4,3,4,3,2,5,5,3,-0.169,-0.376,-1.014,-0.149,0.554,0.684,1,0,1
171,2,4,3,2,2,5,3,3,-0.169,-0.376,-0.484,0,0.554,0.684,1,0,0
172,5,3,3,3,4,5,4,1,-0.575,-0.376,-0.408,0.17,0.951,1.482,1,0,0
173,4,4,3,2,3,5,3,3,-0.523,-0.77,-0.516,-0.327,0.554,0.684,1,0,0
174,5,2,2,2,5,5,4,2,-0.197,-0.77,-0.457,0.214,0.951,1.059,2,1,0
175,3,5,3,3,1,5,4,5,-0.376,0,-0.314,-0.738,0.554,0.684,1,0,1
176,2,5,3,4,3,5,3,5,-0.376,-0.345,0.234,0.307,-1.393,-0.684,,,0
177,4,4,4,2,3,3,3,1,-0.864,-0.197,-0.247,-0.618,-0.182,0.684,1,0,1
178,1,3,5,5,1,3,5,1,0.181,0.864,0.234,-0.287,-0.951,-0.335,1,0,0
179,4,3,3,3,2,3,1,1,0.169,-0.575,-0.498,-0.141,0.182,0.684,1,0,0
180,5,3,1,3,1,5,4,1,0.169,-0.523,0,-0.738,0.951,0.335,1,0,1
181,2,5,4,2,4,5,4,3,0,-0.169,-0.288,-0.149,0.951,1.059,0,0,1
182,4,4,3,3,3,5,4,5,-0.169,0,-0.105,-0.149,0.554,0.684,1,0,1
183,4,3,3,3,5,5,5,3,-0.345,-0.575,-0.61,-0.159,0.182,0.684,2,1,0
184,4,3,3,3,2,5,3,4,0.169,-1.074,-0.61,-1.036,0.951,0.684,2,1,1
185,2,3,4,2,2,5,3,4,-0.575,-0.77,0,0.436,-0.182,0,,,0
186,4,4,5,3,2,5,4,3,0.169,-0.376,-0.362,-0.618,0.951,0.684,1,0,1
187,2,5,3,2,2,5,3,1,0,-0.575,-0.424,0.17,0.554,0,,,1
188,4,5,3,2,2,5,3,1,0,-0.345,-0.822,0.436,0.951,-0.335,0,0,0
189,9,4,2,2,2,5,3,3,0.345,-0.169,-1.368,0.436,0.182,0,0,0,0
190,5,4,3,3,3,5,3,5,0.169,-1.074,-0.331,0.149,0.554,0.684,1,0,1
191,4,3,3,3,2,3,3,3,-0.169,-0.523,-0.535,0,0.951,0.684,1,0,1
192,4,5,4,2,4,3,5,1,-0.406,-0.169,-0.7,-0.406,0.182,0,1,0,1
193,3,4,3,3,2,5,1,3,0.376,-0.169,-0.127,-0.929,0.554,0,1,0,1
194,2,5,4,3,3,5,1,4,-0.575,-0.77,-0.105,0.149,0.554,1.059,,,1
195,2,4,3,3,2,5,4,1,0.169,0.575,-0.566,-0.37,0.951,1.059,1,0,1
196,5,4,3,5,2,5,2,4,-0.575,-0.345,-0.19,-0.214,-0.951,0.335,0,0,0
197,1,5,2,3,2,3,3,1,0.169,-0.77,-0.621,0.149,0.951,1.482,1,0,0
198,1,5,3,5,1,5,5,2,0,-0.197,-0.448,-0.327,0.182,0,1,0,0
199,4,3,3,5,3,4,3,1,-0.406,0.169,0.658,-0.693,-0.554,-1.059,1,0,1
200,3,4,2,2,1,3,4,2,0.169,-0.231,-0.484,-0.406,1.393,1.059,1,0,1
201,4,4,2,2,2,5,3,4,0.169,0.231,-0.484,-0.406,1.393,1.059,1,0,1
202,1,4,2,3,4,2,3,4,-0.345,-0.77,-0.856,-0.738,0.951,1.059,1,0,0
203,4,3,2,3,5,3,4,2,-0.77,-0.376,-0.468,-0.618,0.554,1.059,0,0,0
204,5,5,3,2,3,5,3,3,-0.169,-0.197,-0.658,-0.47,0.554,0.684,1,0,1
205,3,4,2,3,1,5,5,5,-0.169,-0.575,-1.138,0,-0.182,1.059,1,0,0
206,1,5,3,2,1,2,2,3,-0.695,-0.169,-0.448,0,-0.951,-0.335,1,0,1
207,3,2,2,3,3,3,3,1,-0.376,-0.376,-0.302,0.159,-0.951,-0.335,1,0,0
208,2,5,5,5,4,3,3,5,0,0.169,-0.535,-1.162,0.951,1.482,1,0,1
209,3,4,3,2,2,2,3,1,-0.376,0.345,-0.484,1.162,-0.182,-0.684,1,0,0
210,3,5,1,1,5,5,1,1,0,-0.376,-0.543,0,-0.951,-1.482,0,0,0
211,2,5,2,2,2,4,4,5,0.197,-0.575,0.115,0.436,-0.554,-0.684,1,0,1
212,4,3,4,5,2,5,4,1,-0.169,-0.864,-0.424,-0.738,1.393,0.335,1,0,0
213,1,4,3,2,1,5,4,2,0.864,0.231,-0.484,0,-0.554,-1.059,0,0,0
214,5,4,3,3,1,5,4,1,0,-0.523,-0.328,-0.436,0.554,0.335,1,0,1
215,3,5,5,1,2,5,2,4,-0.77,-0.575,0,0.327,-1.393,0.335,0,0,0
216,5,4,3,3,3,5,3,1,0,-0.77,-0.115,-0.47,0.182,0.684,2,1,0
217,5,4,3,5,1,5,4,4,-0.77,-0.532,-0.684,-0.37,0.182,0,1,0,0
218,4,2,4,3,2,3,3,1,0.575,0.181,-0.346,-0.382,-0.182,0.684,1,0,0
219,5,3,3,3,4,3,3,3,-0.345,-0.376,-0.127,1.336,-0.182,0.335,1,0,1
220,3,3,4,3,4,5,3,5,-0.181,-0.77,-1.056,-0.871,0.182,0.684,1,0,0
221,2,1,2,3,2,3,3,5,-0.197,-1.453,-0.213,-0.17,0.951,0,1,0,0
222,1,5,3,3,5,2,3,5,-1.453,-0.532,-0.401,0.214,-0.554,-0.684,1,0,1
223,5,4,3,3,2,4,3,1,0,-0.77,-0.684,-0.871,0.951,1.482,2,1,0
224,5,4,3,3,2,5,5,1,0,-0.77,-0.314,0,-0.182,0.684,1,0,0
225,5,5,5,2,2,3,3,2,-0.345,-0.575,-0.355,-0.499,0.951,0.684,1,0,0
226,2,5,3,3,3,5,2,2,-0.523,-0.345,-0.733,0,-0.182,0.335,0,0,1
227,3,3,3,2,2,3,3,3,0,0.169,-0.141,0.214,0.182,0.335,1,0,1
228,3,5,3,3,3,2,5,2,0.376,0,-0.376,-0.181,-1.393,-1.059,2,1,0
229,5,5,3,3,3,5,3,4,0,-0.77,-0.424,-0.181,0.182,0,1,0,0
230,1,4,3,2,5,3,5,5,-0.169,-1.074,-1.014,-0.214,-0.182,1.059,2,1,0
231,5,3,3,5,3,2,5,4,-0.169,0.532,-0.247,0.618,-1.393,-0.335,1,0,0
232,4,5,2,2,2,5,3,1,-0.77,0,-0.234,-0.181,0.951,1.059,1,0,1
233,5,2,1,1,2,5,2,1,-0.169,-1.453,-0.881,0,-1.393,-0.335,2,1,1
234,5,5,2,2,2,5,4,1,0.575,0.231,-0.515,0.327,0.182,0,2,1,0
235,4,4,2,2,1,5,5,2,0.197,-0.376,-0.515,0.327,0.554,0.335,1,0,1
236,3,2,1,2,1,5,1,1,-0.231,-1.453,-0.226,1.036,0.182,0.335,1,0,0
237,3,4,3,2,2,5,3,3,-0.231,-0.695,-0.543,0.871,0.951,1.059,0,0,0
238,3,4,2,3,1,5,4,5,-0.376,-0.197,-0.543,0.159,0.182,0.684,0,0,0
239,1,2,1,2,5,3,5,1,-0.169,0.376,-0.507,0,-0.554,-1.482,2,1,0
240,5,5,3,5,2,3,4,2,0,-0.864,-0.652,-0.214,-0.951,-0.684,0,0,0
241,4,3,2,2,2,2,3,4,0.169,-0.169,-1.291,0.47,-0.554,0,1,0,1
242,2,5,5,5,1,3,3,4,-0.345,-0.169,-0.498,-0.141,-0.951,-0.335,1,0,1
243,5,5,4,5,3,5,5,4,-1.074,-0.77,-0.543,-0.546,-0.182,0,1,0,1
244,1,5,5,3,5,5,5,4,0,-0.197,-0.658,-0.327,-0.554,0,1,0,1
245,5,5,4,5,5,1,5,1,0,-0.197,0.658,-0.149,-0.182,-1.059,,,1
246,5,4,5,3,3,3,3,1,-0.575,-0.695,-0.543,-0.436,-0.554,0.684,1,0,0
247,1,3,2,2,2,3,1,1,-1.074,-1.074,0.097,0.181,1.393,0.335,0,0,1
248,3,4,3,2,1,5,2,1,-0.181,-0.197,-0.424,0.871,0.554,0.684,0,0,0
249,5,2,3,3,1,3,3,3,-0.169,-0.77,-0.684,-0.618,0.182,1.059,1,0,1
250,5,5,3,5,1,3,5,5,-0.575,-0.77,-0.991,1.336,0.182,0.684,,,1
251,3,3,1,2,1,2,5,4,-0.532,0,-0.247,0.327,-1.393,-0.684,0,0,0
252,5,5,3,3,2,5,2,1,0,0.77,0.856,-0.47,-0.951,-1.059,2,1,0
253,4,3,3,2,1,4,3,1,1.074,0,-0.346,-0.406,-0.951,-0.684,1,0,
254,2,2,3,3,4,5,3,2,-0.864,-0.197,-0.515,-0.618,0.182,0.335,0,0,0
255,3,4,2,3,1,3,3,1,-0.169,-1.074,-0.3,0.871,0.554,0.335,2,1,
256,3,4,3,2,5,2,2,3,0,-0.231,0,0.37,-1.393,-1.482,1,0,1
257,4,2,2,2,1,5,2,3,0.77,0.575,-0.34,-0.499,0.182,-1.059,1,0,0
258,5,3,3,2,3,5,1,2,0.406,0,0.684,-0.633,-0.554,0,0,0,1
259,2,4,3,3,3,5,4,4,0,-0.376,-0.097,0,-0.182,0.684,1,0,0
260,2,1,3,2,2,5,4,5,0.77,-0.169,0.566,-0.37,-0.951,-0.335,,,
261,4,5,3,2,4,3,3,2,0.575,0.169,-0.424,-0.181,-1.393,-1.059,,,
262,4,3,2,3,4,5,4,2,-0.345,-0.169,0,0.141,-1.393,0,0,0,0
263,3,2,2,3,4,5,4,2,0.169,0.197,-0.424,-0.287,0.182,0.335,0,0,0
264,4,5,1,3,1,5,2,1,-0.575,-0.376,-0.235,0,0.554,0,0,0,1
265,2,4,3,3,2,2,3,2,-0.575,-0.376,-0.566,0,-0.951,1.059,1,0,1
266,3,5,3,3,1,2,5,5,0,0,-0.448,-0.327,0.951,0.335,1,0,1
267,5,4,4,3,3,3,3,1,0.169,-0.77,0,0.37,1.393,0.684,0,0,0
268,5,5,4,3,2,5,3,4,-0.345,0,-0.206,0,0.951,0.335,1,0,1
269,4,2,2,2,1,5,3,1,-1.453,-0.77,-0.206,0.181,1.393,0.335,1,0,0
270,2,5,3,3,5,5,4,3,0,-0.77,-0.34,-0.141,0.554,0.335,0,0,0
271,1,5,5,3,5,1,1,4,-1.453,-1.453,-0.441,-0.141,-0.182,-0.335,0,0,0
272,2,5,5,2,3,3,3,3,-0.523,-0.77,-0.359,0,0.951,0.684,1,0,1
273,9,5,1,3,2,5,3,5,-1.074,-0.864,-0.731,0,-0.554,0.335,1,0,0
274,4,3,2,3,3,5,2,2,-0.345,0,-0.11,-0.546,-0.951,-0.335,0,0,0
275,4,5,3,3,3,5,5,5,-0.345,-0.169,-0.61,-1.036,0.554,1.059,2,1,1
276,5,3,3,3,2,5,3,2,0,-1.074,-0.223,0.871,0.182,0,0,0,1
277,4,4,5,1,1,5,3,5,-0.169,0.376,-0.3,-0.585,1.393,0.335,2,1,1
278,3,3,3,3,4,1,1,1,-0.532,0,0,-0.149,-0.951,-0.684,,,
279,1,5,5,1,1,2,4,4,-0.169,0.181,-0.115,0.327,-0.554,-0.335,1,0,1
280,4,3,2,1,2,5,5,5,0,0,-0.288,-0.327,0.182,0.335,1,0,1
281,4,3,1,2,1,3,4,2,-0.376,0.77,0.381,-0.47,-0.951,-0.335,2,1,1
282,3,5,3,5,5,2,4,1,0,0.376,0.213,0,-0.951,-0.335,2,1,1
283,4,2,3,1,3,5,3,1,0.181,-0.406,-0.247,0.17,-0.554,-0.684,,,
284,4,3,2,2,3,1,5,1,-0.406,0.231,0.328,-0.149,-0.951,-0.684,2,1,
285,4,2,2,3,3,3,4,2,-0.406,-0.197,0.141,-0.327,-0.951,-1.059,2,1,
286,5,3,2,3,2,3,3,3,0.345,-0.181,0,0.17,-0.951,-1.059,0,0,
287,5,4,3,2,2,5,3,4,0,-0.406,-1.165,1.336,-0.554,1.059,0,0,1
288,3,4,3,2,1,3,3,1,-0.345,-1.453,-0.234,-0.406,-0.182,0,1,0,0
289,3,4,1,2,2,5,3,1,0,0.197,0,-0.149,-0.951,-1.059,2,1,1
290,2,4,3,3,4,5,3,3,-0.169,-0.345,-0.323,-0.37,0.182,0.335,0,0,1
291,5,5,2,3,2,3,3,5,-0.169,-0.77,-0.424,0.499,0.182,1.059,0,0,1
292,5,4,1,3,2,3,3,3,0,-0.169,-0.566,1.162,-0.951,-0.684,,,
293,5,3,4,3,1,5,5,4,0,0.575,-0.11,-0.181,0.554,1.059,1,0,1
294,1,5,4,2,1,5,2,4,-0.77,-0.575,-0.786,0,-0.554,0.684,1,0,0
295,2,5,5,5,2,5,3,5,0,-0.169,-0.684,0.159,0.554,0.335,0,0,0
296,4,2,2,2,1,5,5,1,0,-0.376,0,1.036,0.182,-1.059,1,0,0
297,5,5,3,2,2,5,4,5,0.169,-0.376,-0.941,1.036,0.554,1.059,1,0,0
298,5,5,3,3,2,5,4,2,-0.169,0,-0.652,-0.382,-0.951,-0.335,1,0,1
299,4,4,5,3,4,5,4,1,-0.864,0,-0.763,0.307,-0.554,0.335,1,0,1
300,5,3,2,1,1,2,2,5,0.864,0.197,-0.401,-0.499,-1.393,-0.335,1,0,
301,4,3,2,2,5,3,4,5,-0.181,-0.523,-0.115,0,-0.182,-1.482,0,0,0
302,3,4,3,3,3,5,4,1,-0.77,-0.406,-0.658,0.181,-0.554,0.335,1,0,0
303,4,4,4,3,4,3,4,2,-0.345,-0.169,-0.515,0.287,-0.182,0.684,1,0,0
304,3,5,3,5,1,3,5,1,-0.77,-0.345,-0.097,-0.633,-0.554,0,1,0,1
305,5,3,3,2,2,5,1,1,0,-0.575,-0.652,-0.546,-1.393,0.335,1,0,0
306,1,3,2,3,4,5,5,2,-1.074,-0.376,-0.731,-0.307,-0.951,-0.335,0,0,0
307,5,4,3,3,2,5,3,5,-0.575,-0.376,-1.868,0.499,0.182,0.335,1,0,0
308,5,4,1,5,2,5,3,4,-0.523,-1.074,-1.056,0.929,-0.554,0.335,1,0,0
309,5,4,4,5,1,5,4,5,1.453,0,-0.197,-0.327,-0.182,0.684,2,1,1
310,3,5,3,5,4,2,5,4,0.345,0.345,-0.824,-0.871,-0.554,0.335,2,1,0
311,4,3,3,2,1,2,3,5,0,0.231,-0.359,-0.546,-0.182,0.684,1,0,1
312,2,5,5,5,3,5,2,5,-0.523,-0.376,-0.786,-0.738,-0.182,0.335,1,0,1
313,3,3,2,3,2,2,5,1,-0.575,0.532,-0.127,-0.738,0.182,0.684,1,0,1
314,5,3,1,5,2,2,2,4,0.695,-0.864,-0.849,0.181,0.182,1.059,,,1
315,5,4,2,3,1,3,5,3,-0.169,-0.376,-0.652,0.693,0.554,0.684,1,0,1
316,5,5,3,3,5,2,5,5,0,-0.376,-0.535,0.871,-0.951,0,1,0,0
317,5,4,3,3,3,2,3,4,0.169,-0.77,0,0,-0.554,0,1,0,1
318,5,5,3,1,1,5,3,5,-1.074,-0.345,-0.684,-0.436,-0.554,-0.335,1,0,1
319,3,4,4,2,4,5,3,1,-0.77,-1.074,-0.652,-0.499,-0.554,0.684,0,0,1
320,5,3,1,2,2,2,3,2,0.77,0,-0.603,0.181,-0.554,0.684,,,1
321,3,3,2,2,3,2,4,5,0.77,0,-0.515,0.47,0.554,0.684,1,0,1
322,4,4,3,3,1,3,3,1,-0.376,-0.169,-0.19,0.436,-0.951,0,,,1
323,5,4,4,3,2,5,5,2,0.77,-0.197,-0.498,-0.181,0.554,0.684,2,1,1
324,3,4,4,2,1,5,2,1,0,0,0,-0.618,0.182,1.059,1,0,1
325,1,5,3,3,2,5,4,5,0.345,0.575,-0.222,-0.181,-0.182,0,0,0,1
326,5,2,1,2,1,2,5,1,-1.453,-0.197,-0.543,0.929,0.182,0.335,1,0,0
327,4,5,5,3,4,3,3,1,-0.345,-1.074,-0.915,0.929,0.182,1.059,1,0,0
328,2,4,3,5,5,3,3,2,-0.695,0.406,0,0.406,-0.182,-1.059,0,0,1
329,1,4,2,4,5,5,5,3,0.532,-0.575,0.507,-0.327,-0.951,-0.684,1,0,
330,2,4,2,3,2,3,3,5,0.169,-0.169,-0.3,-0.327,-0.951,-0.684,2,1,
331,2,5,2,1,2,2,5,3,-1.074,-1.074,-0.991,0.159,-0.182,-0.684,1,0,0
332,4,5,4,3,3,5,4,3,0.169,-0.169,-0.61,-0.304,0.182,-0.335,1,0,1
333,3,4,3,5,2,5,9,2,-0.169,-0.695,-0.247,-0.327,-1.393,-0.335,2,1,1
334,2,5,3,3,4,3,3,2,0,-0.575,-0.61,-0.546,0.182,0,1,0,1
335,4,4,3,3,2,5,5,1,0.345,0,-1.014,-1.162,0.951,0.335,2,1,1
336,4,4,5,2,3,3,3,1,0.169,-1.074,-0.328,-0.37,0.951,1.059,,,0
337,4,5,4,3,1,5,2,1,-0.345,-0.169,-0.328,0.141,1.393,0,1,0,1
338,2,3,3,2,2,5,5,1,-1.074,-0.77,-0.401,-0.47,-0.951,0,1,0,0
339,4,4,5,2,2,5,3,1,-0.376,-0.77,-0.856,0.141,1.393,1.059,1,0,1
340,4,4,3,2,2,5,3,3,0.181,0.77,0.105,0,-0.182,0.684,,,
341,2,3,3,2,3,5,3,1,0,-0.169,-0.408,-0.149,0.951,1.482,0,0,0
342,5,5,4,5,2,5,3,1,-0.406,-0.406,-0.574,-0.149,1.393,1.059,0,0,0
343,3,3,2,2,2,3,3,1,0,-0.169,-0.726,0.149,0.951,1.059,1,0,0
344,3,3,4,2,1,5,3,1,-1.074,-0.345,-0.34,-0.618,1.393,1.059,1,0,1
345,4,4,3,2,2,2,3,2,0,-0.523,-0.105,0.327,0.951,0,,,
346,3,5,5,2,3,5,4,1,-0.864,-1.453,-0.891,0.37,0.554,1.059,0,0,0
347,2,4,4,5,2,5,3,5,-0.575,-0.575,-0.489,-0.499,-0.182,0.335,1,0,1
348,3,3,4,2,3,5,3,1,0.345,-0.77,-0.408,0.304,0.951,1.059,2,1,1
349,3,2,1,2,2,2,3,3,-0.864,-0.864,-0.77,0,0.951,0,0,0,0
350,3,5,5,2,3,5,4,1,-0.169,-0.575,-0.566,0.546,1.393,1.059,1,0,0
351,3,4,3,1,2,5,3,3,-0.169,-0.864,-0.206,0.149,0.951,0.684,2,1,1
352,1,4,3,2,2,5,4,5,-1.074,-0.231,-0.731,0.214,0.554,0.335,0,0,1
353,5,5,2,2,2,5,4,1,0,-1.453,-0.468,0.149,1.393,1.059,1,0,1
354,3,4,2,3,2,5,3,1,0,-0.169,-0.314,-0.304,0.554,0.335,1,0,1
355,3,5,3,5,1,5,1,2,-0.345,-0.376,-1.014,-0.929,1.393,0.335,1,0,0
356,2,4,5,3,2,2,3,1,-0.77,0,-0.684,-0.17,0.951,0.684,,,
357,4,5,2,3,1,5,5,2,-0.345,-0.376,-0.856,-0.499,0.554,0.684,1,0,0
358,3,5,2,5,2,5,5,1,0.169,-0.376,-0.507,-0.307,1.393,0.684,2,1,1
359,4,4,5,2,3,5,3,2,-0.523,-0.575,-0.302,0.618,0.554,0.684,1,0,0
360,3,2,2,2,2,2,3,1,-0.345,-1.453,-0.498,0.304,0.951,1.059,0,0,1
361,5,4,3,1,2,3,2,1,0.169,-0.376,-0.328,-0.181,0.951,0.335,0,0,1
362,5,4,2,3,5,5,4,3,0.523,0.231,-0.515,-0.214,0.951,1.059,1,0,1
363,3,4,3,3,2,2,5,5,0.169,-0.345,-0.8,-0.47,0.951,0,1,0,1
364,2,3,3,1,3,5,3,2,0,-0.376,-0.7,0,0.951,1.059,1,0,1
365,4,4,3,5,3,4,5,5,0.575,0.169,-0.448,-0.149,-0.554,-1.059,2,1,1
366,2,5,3,1,5,5,3,1,-0.523,-1.074,0,-0.693,0.182,0.335,1,0,0
367,3,5,3,2,3,5,4,2,-0.169,-0.575,-0.829,1.162,0.554,1.059,1,0,1
368,4,3,4,1,1,5,5,3,0.169,0.345,-0.328,0.327,-1.393,-0.335,0,0,0
369,5,2,3,2,4,5,4,1,0.169,-0.523,-0.408,-0.546,1.393,0.684,2,1,1
370,4,3,3,3,2,5,3,2,0.345,0,-0.489,-0.141,-0.182,-0.335,1,0,0
371,4,4,2,5,3,5,1,1,0.181,0.169,-0.247,-0.327,-0.554,-0.335,2,1,0
372,3,5,5,3,2,3,4,3,-0.169,-0.575,-0.566,0.141,1.393,1.059,1,0,1
373,5,3,4,3,1,5,1,3,-0.864,-0.376,-0.731,0.738,0.554,0.335,1,0,0
374,2,5,5,2,3,5,2,5,-0.575,-1.074,-0.684,-0.693,-0.554,0,0,0,1
375,1,3,2,2,1,5,2,1,0.575,-1.453,-0.74,0.181,0.182,1.482,2,1,1
376,5,4,4,2,2,3,1,3,0.169,-0.376,-0.448,-0.738,0.554,1.482,1,0,1
377,3,2,3,5,2,5,3,1,0,-0.523,-0.515,-0.436,0.951,0.684,1,0,0
378,3,5,3,2,2,3,5,5,-0.345,-0.77,-0.448,-0.149,0.554,0.684,1,0,0
379,5,3,3,1,1,5,4,5,0,-1.074,-0.115,0.287,0.182,0.335,1,0,0
380,2,4,5,2,2,5,4,4,-0.345,-1.453,-0.923,-0.546,1.393,0,1,0,1
381,4,2,5,3,2,5,3,1,-0.169,-0.523,0,0,0.182,0.335,1,0,0
382,4,4,2,3,1,5,2,5,0,-0.523,-0.515,-0.738,1.393,0.684,1,0,0
383,1,5,2,5,1,5,3,2,0.406,0.575,0.346,-0.871,-0.554,0,1,0,0
384,4,2,3,3,1,5,3,2,0,-0.197,-1.056,-0.304,0.554,1.059,,,1
385,3,4,5,2,3,5,3,2,0,-0.77,-0.468,-0.693,0.182,0,,,1
386,4,4,3,1,2,5,4,2,-0.169,0,-0.448,-0.149,0.182,0.684,1,0,1
387,3,4,5,3,2,3,4,3,-0.575,-0.376,-0.34,0.406,0.554,1.059,1,0,1
388,3,5,3,3,2,5,4,4,-0.169,0,-0.645,0,0.951,1.059,1,0,0
389,4,3,2,3,1,5,4,5,0,-0.77,-0.543,-0.499,-0.951,-0.335,1,0,1
390,4,5,2,4,2,3,1,4,-0.345,0.575,0,-0.181,-0.951,-0.684,1,0,0
391,3,5,2,3,2,5,4,1,0.345,-0.575,-0.621,0,0.951,1.059,0,0,0
392,4,5,3,5,2,3,5,5,0,-0.575,-0.881,-0.181,0.554,0,0,0,1
393,5,2,5,3,2,2,4,2,-1.074,-0.77,-0.603,0.618,0.182,0.684,,,0
394,5,5,4,2,1,5,3,4,1.074,-0.197,-0.658,0.546,1.393,1.059,2,1,1
395,2,4,3,5,3,5,2,3,-0.345,-0.77,-0.658,-0.304,1.393,0.335,1,0,0
396,4,4,3,2,1,5,5,1,-0.345,-0.376,-0.247,-0.37,1.393,1.059,,,0
397,5,4,3,3,4,5,3,5,-0.575,-0.77,-0.7,0.304,-0.182,0.335,0,0,1
398,2,5,4,3,2,5,3,5,-0.575,-0.376,-0.468,0.37,-0.951,-0.335,0,0,1
399,5,5,5,5,1,5,3,4,0,-0.376,-0.77,0,0.182,0,0,0,1
400,5,3,2,2,5,3,3,3,0.169,-0.77,-0.408,0.738,1.393,1.482,1,0,0
401,4,4,2,3,5,5,4,3,0,0.406,-0.515,-0.327,0.951,0,1,0,0
402,4,3,3,3,2,5,4,4,0,-0.376,-0.424,-0.499,0.182,1.059,2,1,1
403,4,4,3,2,1,5,5,1,-0.345,-0.376,-0.543,0.214,-0.554,0.684,1,0,1
404,2,4,4,2,5,5,3,1,-1.074,-1.074,-1.291,0.738,-0.554,0.684,1,0,0
405,4,5,3,3,3,5,2,1,-0.169,-0.77,-1.056,-0.159,-0.182,0.684,0,0,0
406,2,2,5,2,3,5,3,5,-1.074,-0.169,-0.141,-1.036,0.182,-0.335,0,0,1
407,4,2,3,2,2,5,2,5,-0.345,-1.453,-1.257,-1.036,0.951,1.059,1,0,1
408,4,3,5,2,2,5,3,4,1.074,0.345,-0.566,-0.738,-0.182,0.335,2,1,1
409,3,3,3,3,2,5,4,4,0.376,-0.523,-0.603,0.738,0.951,0.684,1,0,0
410,4,4,5,5,3,5,3,2,0,-0.77,-1.368,-0.871,1.393,0.684,2,1,0